Level,Name,Location
50,Food Fight,"Voor Sian Siran (28,32)"
50,Mint Condition,"Cloudtop (14,37)"
50,This Is How We Gundu,"Voor Sian Siran (34,30.0)"
50,Leech the Sky,"Voor Sian Siran (25,35)"
50,One Turned Over the Cloudkin's Nest,"Cloudtop (20,32)"
50,Saved the Nests for Last,"Cloudtop (20,32)"
50,A Long Way Down,"Voor Sian Siran (36,33)"
50,Anzu Trois,"Voor Sian Siran (3,035)"
50,Youth Must Be Severed,"Voor Sian Siran (30,30)"
57,On Dangerous Ground,"The Blue Window (21,13)"
57,Obey their Thirst,"The Blue Window (12,12)"
57,"Hearts Like Steel, Fists Like Thunder","Ok' Vundu Vana (29,15)"
57,Bones,"Ok' Vundu Vana (23,19)"
57,Zuns on the Run,"The Blue Window (17,10)"
57,Leather and Mace,"The Blue Window (26,10)"
57,Come to My Window,"The Blue Window (6,20)"
57,The Fugitive,"The Blue Window (28,10)"
59,The Sound of Madness,"The Blue Window (10,25)"
59,You Eat What You Aren't,"Ok' Vundu Vana (36,8)"
59,Let There Be Acolytes,"Ok' Vundu Mok (20,23)"
59,"A Dream, Perchance to Eat","The Gauntlet (22,6)"
59,Bismarcking Time,"Ok' Vundu Mok (20,23)"
59,Guano a Mano,"Voor Sian Siran (36.4,36.4)"
59,A Disturbing Lack of Faith,"Ok' Vundu Mok (20,23)"
59,Rebel Yehl,"Ok' Vundu Vana (37,14)"
59,Scared Sylla,"Gamma Quadrant (34,36)"
59,Rampant Speculation,"Gamma Quadrant (25,29)"
59,Put the Knives Down,"Gamma Quadrant (34,36)"
59,Prey Online,"Beta Quadrant (38,18)"
59,Still Ticking,"Alpha Quadrant (18,12)"
59,The Late Escape,"Alpha Quadrant (19,7)"
59,Yak it Up,"Delta Quadrant (7,34)"
59,The Root of Evil,"Beta Quadrant (34,9)"
59,The Mystery Machine,"Gamma Quadrant (38,24)"
59,The Monster Mass,"Beta Quadrant (37,16)"
59,Phi Slamma Gamma West,"Gamma Quadrant (29,32)"
59,Phi Slamma Gamma South,"Gamma Quadrant (28,38)"
59,Harvest Moon,"Alpha Quadrant (12,18)"
59,Do Spinners Dream of Electric Rooks,"Alpha Quadrant (12,13)"
59,Curiously Strong Things,"Beta Quadrant (30,11)"
59,A Room Without Books,"Delta Quadrant (13,29)"
59,Life of Brain,"Beta Quadrant (30,7)"
59,No Greater Goryshche,"Delta Quadrant (12,33)"
59,Phi Slamma Gamma East,"Gamma Quadrant (36,29)"
59,"Pet, Smart","Beta Quadrant (35,12)"
59,"Out of Sight, Out of Mind","Alpha Quadrant (10,21)"
59,A Bug's Death,"Alpha Quadrant (18,19)"